Birth Year,Year,Month,Number of Trips
1926,2013,07,40
1987,2013,07,24003
1991,2013,07,5803
1952,2013,07,3267
1983,2013,07,31412
1947,2013,07,1430
1932,2013,07,65
1967,2013,07,12983
1986,2013,07,27125
1955,2013,07,5201
1899,2013,07,85
1994,2013,07,1469
1969,2013,07,16205
1900,2013,07,110
1992,2013,07,3805
1970,2013,07,18016
1934,2013,07,84
1996,2013,07,459
1939,2013,07,87
1957,2013,07,7151
1927,2013,07,14
1965,2013,07,11306
1976,2013,07,20827
1973,2013,07,16147
1960,2013,07,9241
1938,2013,07,151
1936,2013,07,64
1959,2013,07,7773
1963,2013,07,10780
1951,2013,07,3261
1981,2013,07,29785
1950,2013,07,2841
1930,2013,07,4
1990,2013,07,11208
1961,2013,07,8669
1949,2013,07,1840
1953,2013,07,4189
1966,2013,07,12865
1964,2013,07,11529
1984,2013,07,27450
1977,2013,07,21149
1920,2013,07,28
1971,2013,07,15893
1962,2013,07,9939
1974,2013,07,18878
1910,2013,07,3
1948,2013,07,2001
1985,2013,07,31023
1993,2013,07,2038
1995,2013,07,686
1944,2013,07,660
1937,2013,07,34
1901,2013,07,28
1913,2013,07,13
1997,2013,07,292
1972,2013,07,16754
1982,2013,07,30856
1922,2013,07,7
\N,2013,07,174887
1978,2013,07,23903
1941,2013,07,408
1942,2013,07,582
1956,2013,07,5967
1979,2013,07,25843
1921,2013,07,25
1968,2013,07,13717
1940,2013,07,332
1946,2013,07,1144
1945,2013,07,914
1980,2013,07,28040
1975,2013,07,19089
1943,2013,07,454
1954,2013,07,4761
1924,2013,07,3
1958,2013,07,7282
1989,2013,07,16271
1933,2013,07,53
1935,2013,07,61
1988,2013,07,20654
1935,2013,08,68
1926,2013,08,21
1989,2013,08,22517
1945,2013,08,1030
1917,2013,08,6
1924,2013,08,8
1954,2013,08,5757
1940,2013,08,352
1975,2013,08,22607
1980,2013,08,34555
1995,2013,08,911
1946,2013,08,1218
1941,2013,08,486
1968,2013,08,16037
1979,2013,08,30687
1956,2013,08,7592
1986,2013,08,33033
1901,2013,08,72
1978,2013,08,28668
\N,2013,08,186014
1982,2013,08,37875
1933,2013,08,47
1913,2013,08,7
1972,2013,08,19319
1997,2013,08,453
1993,2013,08,2936
1985,2013,08,38074
1948,2013,08,2311
1910,2013,08,7
1974,2013,08,23184
1943,2013,08,673
1962,2013,08,11683
1958,2013,08,8948
1921,2013,08,23
1971,2013,08,18370
1950,2013,08,3230
1977,2013,08,26974
1984,2013,08,36309
1964,2013,08,13548
1966,2013,08,14997
1961,2013,08,9727
1953,2013,08,5364
1949,2013,08,2434
1942,2013,08,746
1990,2013,08,15872
1930,2013,08,3
1951,2013,08,4167
1920,2013,08,13
1932,2013,08,84
1963,2013,08,13360
1944,2013,08,790
1959,2013,08,9580
1899,2013,08,94
1938,2013,08,163
1960,2013,08,11051
1973,2013,08,18626
1976,2013,08,24607
1934,2013,08,119
1965,2013,08,13769
1927,2013,08,7
1957,2013,08,7942
1939,2013,08,122
1996,2013,08,795
1981,2013,08,36440
1970,2013,08,20860
1992,2013,08,4560
1931,2013,08,4
1900,2013,08,146
1952,2013,08,3891
1969,2013,08,18509
1994,2013,08,1415
1922,2013,08,32
1955,2013,08,6063
1967,2013,08,14742
1937,2013,08,57
1947,2013,08,1652
1983,2013,08,38585
1936,2013,08,99
1991,2013,08,7993
1987,2013,08,29626
1988,2013,08,27242
\N,2013,09,145169
1978,2013,09,28956
1931,2013,09,3
1959,2013,09,10617
1963,2013,09,15663
1956,2013,09,8491
1979,2013,09,31745
1899,2013,09,94
1940,2013,09,328
1990,2013,09,18921
1961,2013,09,11227
1949,2013,09,2580
1995,2013,09,1922
1980,2013,09,33729
1964,2013,09,15389
1984,2013,09,38395
1977,2013,09,26839
1981,2013,09,37625
1936,2013,09,110
1962,2013,09,13687
1989,2013,09,26164
1945,2013,09,1255
1935,2013,09,157
1974,2013,09,24627
1910,2013,09,10
1933,2013,09,50
1948,2013,09,2842
1987,2013,09,31751
1991,2013,09,10513
1903,2013,09,3
1955,2013,09,6914
1986,2013,09,35796
1982,2013,09,37681
1900,2013,09,183
1901,2013,09,73
1992,2013,09,7852
1957,2013,09,9322
1927,2013,09,3
1965,2013,09,15776
1917,2013,09,20
1968,2013,09,17884
1941,2013,09,494
1946,2013,09,1488
1938,2013,09,214
1951,2013,09,4258
1975,2013,09,23282
1907,2013,09,4
1943,2013,09,777
1954,2013,09,6513
1942,2013,09,797
1932,2013,09,94
1913,2013,09,8
1950,2013,09,3324
1953,2013,09,6142
1966,2013,09,17237
1988,2013,09,30896
1920,2013,09,6
1952,2013,09,4502
1971,2013,09,20590
1924,2013,09,14
1983,2013,09,38771
1947,2013,09,1988
1937,2013,09,85
1967,2013,09,17659
1958,2013,09,10195
1930,2013,09,6
1922,2013,09,37
1994,2013,09,3288
1969,2013,09,21227
1926,2013,09,34
1985,2013,09,38462
1993,2013,09,6163
1929,2013,09,15
1970,2013,09,23030
1934,2013,09,42
1996,2013,09,1263
1939,2013,09,162
1944,2013,09,917
1972,2013,09,20570
1976,2013,09,25355
1921,2013,09,12
1973,2013,09,20681
1960,2013,09,12785
1997,2013,09,606
1992,2013,10,10230
1952,2013,10,4674
1899,2013,10,58
1933,2013,10,65
1994,2013,10,4564
1965,2013,10,16782
1957,2013,10,10093
1940,2013,10,451
1944,2013,10,972
1948,2013,10,2661
1981,2013,10,37601
1947,2013,10,2220
1913,2013,10,2
1921,2013,10,11
1922,2013,10,55
1955,2013,10,7361
1985,2013,10,40203
1937,2013,10,34
1930,2013,10,5
1983,2013,10,40442
1942,2013,10,788
1936,2013,10,76
1950,2013,10,3424
1988,2013,10,33813
1990,2013,10,21722
1971,2013,10,22703
1917,2013,10,10
1946,2013,10,1463
1964,2013,10,16655
1966,2013,10,17464
1943,2013,10,747
1960,2013,10,13349
1901,2013,10,36
1931,2013,10,28
1995,2013,10,2502
\N,2013,10,97445
1963,2013,10,16881
1939,2013,10,137
1959,2013,10,11068
1934,2013,10,73
1979,2013,10,32608
1972,2013,10,21517
1956,2013,10,8843
1973,2013,10,21315
1976,2013,10,26223
1978,2013,10,29478
1929,2013,10,28
1926,2013,10,25
1996,2013,10,1379
1967,2013,10,18516
1910,2013,10,24
1986,2013,10,36649
1900,2013,10,202
1991,2013,10,12240
1969,2013,10,22737
1962,2013,10,15505
1993,2013,10,7696
1954,2013,10,7280
1997,2013,10,1012
1974,2013,10,25388
1984,2013,10,39174
1907,2013,10,9
1987,2013,10,34107
1924,2013,10,2
1958,2013,10,10546
1949,2013,10,2924
1951,2013,10,4594
1935,2013,10,167
1989,2013,10,28778
1932,2013,10,79
1977,2013,10,26769
1968,2013,10,19437
1945,2013,10,1226
1970,2013,10,24291
1953,2013,10,7156
1938,2013,10,192
1961,2013,10,12561
1975,2013,10,24242
1980,2013,10,35091
1927,2013,10,18
1941,2013,10,563
1982,2013,10,38253
1900,2013,11,120
1991,2013,11,8528
1958,2013,11,7723
1951,2013,11,3294
1980,2013,11,22342
\N,2013,11,43972
1937,2013,11,17
1942,2013,11,534
1956,2013,11,6258
1943,2013,11,433
1901,2013,11,19
1935,2013,11,121
1929,2013,11,12
1907,2013,11,9
1921,2013,11,5
1948,2013,11,2096
1968,2013,11,13250
1997,2013,11,643
1992,2013,11,6532
1975,2013,11,15237
1993,2013,11,5182
1931,2013,11,4
1995,2013,11,2068
1941,2013,11,400
1982,2013,11,24740
1974,2013,11,16854
1984,2013,11,26629
1979,2013,11,21753
1972,2013,11,14461
1949,2013,11,1847
1978,2013,11,19419
1950,2013,11,2302
1977,2013,11,17252
1933,2013,11,38
1910,2013,11,17
1966,2013,11,11755
1961,2013,11,8770
1962,2013,11,10886
1927,2013,11,13
1944,2013,11,665
1985,2013,11,26364
1940,2013,11,276
1936,2013,11,86
1899,2013,11,37
1959,2013,11,8030
1934,2013,11,93
1986,2013,11,24313
1945,2013,11,900
1922,2013,11,34
1976,2013,11,16670
1990,2013,11,14920
1971,2013,11,14984
1957,2013,11,7128
1932,2013,11,42
1996,2013,11,941
1967,2013,11,12996
1964,2013,11,11875
1917,2013,11,15
1953,2013,11,5066
1938,2013,11,207
1969,2013,11,15212
1960,2013,11,9436
1930,2013,11,4
1955,2013,11,5282
1926,2013,11,14
1963,2013,11,11652
1939,2013,11,98
1983,2013,11,26374
1970,2013,11,16674
1952,2013,11,3397
1987,2013,11,22545
1924,2013,11,10
1973,2013,11,14570
1954,2013,11,5192
1988,2013,11,22670
1994,2013,11,3229
1965,2013,11,11772
1989,2013,11,19050
1946,2013,11,1015
1981,2013,11,24910
1947,2013,11,1490
1920,2013,11,1
1924,2013,12,2
1987,2013,12,14629
1926,2013,12,17
1943,2013,12,337
1975,2013,12,10215
1980,2013,12,14750
1995,2013,12,1153
1946,2013,12,865
1940,2013,12,252
1968,2013,12,8643
1954,2013,12,3785
1936,2013,12,76
1970,2013,12,11657
1978,2013,12,13132
1942,2013,12,456
1982,2013,12,15438
1941,2013,12,343
1972,2013,12,9797
1979,2013,12,14328
1956,2013,12,4656
1917,2013,12,5
1993,2013,12,2946
1963,2013,12,8519
1985,2013,12,16757
1948,2013,12,1633
1907,2013,12,2
1910,2013,12,17
1934,2013,12,65
1997,2013,12,598
1945,2013,12,617
1929,2013,12,3
1971,2013,12,10046
1952,2013,12,2425
1984,2013,12,17327
1974,2013,12,11654
1962,2013,12,7606
1961,2013,12,6181
1944,2013,12,503
1977,2013,12,11431
1964,2013,12,8581
1966,2013,12,8235
1938,2013,12,87
1953,2013,12,3751
1949,2013,12,1437
1973,2013,12,9772
1990,2013,12,9996
1976,2013,12,10797
1965,2013,12,8289
1932,2013,12,9
1957,2013,12,5201
1939,2013,12,95
1958,2013,12,5944
1986,2013,12,15422
1959,2013,12,5694
1992,2013,12,3404
1933,2013,12,39
1960,2013,12,7042
1969,2013,12,10996
1922,2013,12,18
1955,2013,12,4072
1927,2013,12,10
1921,2013,12,3
1967,2013,12,9412
1996,2013,12,547
1947,2013,12,1109
1981,2013,12,16352
1901,2013,12,11
1991,2013,12,5156
1900,2013,12,81
1950,2013,12,1760
1899,2013,12,34
1994,2013,12,1627
1988,2013,12,14394
\N,2013,12,19379
1935,2013,12,60
1989,2013,12,12279
1937,2013,12,7
1983,2013,12,17496
1951,2013,12,2502
1963,2014,01,6151
1982,2014,01,10856
1953,2014,01,2490
1932,2014,01,6
1978,2014,01,9554
1899,2014,01,21
1958,2014,01,4425
1973,2014,01,6857
1949,2014,01,1013
1938,2014,01,56
1966,2014,01,5845
1968,2014,01,6309
1940,2014,01,128
1942,2014,01,309
1943,2014,01,208
1962,2014,01,5244
1989,2014,01,8425
1975,2014,01,6939
1984,2014,01,11903
1937,2014,01,1
1900,2014,01,92
1971,2014,01,7202
1929,2014,01,2
1974,2014,01,8212
1945,2014,01,361
1991,2014,01,3075
1926,2014,01,8
1910,2014,01,4
1951,2014,01,1523
1967,2014,01,6794
\N,2014,01,7254
1955,2014,01,2635
1931,2014,01,1
1960,2014,01,4762
1917,2014,01,2
1950,2014,01,1148
1972,2014,01,7115
1986,2014,01,10062
1934,2014,01,29
1941,2014,01,248
1939,2014,01,55
1995,2014,01,697
1965,2014,01,5552
1959,2014,01,3891
1990,2014,01,6856
1954,2014,01,2663
1981,2014,01,11210
1976,2014,01,7593
1977,2014,01,8171
1946,2014,01,534
1987,2014,01,9410
1980,2014,01,10463
1964,2014,01,6054
1952,2014,01,1641
1961,2014,01,4121
1920,2014,01,1
1921,2014,01,1
1944,2014,01,373
1901,2014,01,11
1936,2014,01,50
1935,2014,01,39
1983,2014,01,11973
1994,2014,01,959
1933,2014,01,25
1985,2014,01,11544
1997,2014,01,428
1988,2014,01,10146
1947,2014,01,771
1996,2014,01,433
1948,2014,01,1175
1956,2014,01,3246
1927,2014,01,4
1993,2014,01,1608
1970,2014,01,8460
1969,2014,01,7671
1957,2014,01,3272
1979,2014,01,10255
1992,2014,01,1756
1922,2014,01,19
1943,2014,02,130
1960,2014,02,3455
1956,2014,02,2319
1945,2014,02,214
1980,2014,02,7661
1958,2014,02,2976
1975,2014,02,4884
1984,2014,02,9139
1941,2014,02,164
1939,2014,02,43
1937,2014,02,24
1907,2014,02,5
1979,2014,02,7771
1992,2014,02,2168
1981,2014,02,8208
1951,2014,02,1158
1932,2014,02,8
1978,2014,02,6876
1976,2014,02,5579
1967,2014,02,4650
1961,2014,02,2747
1938,2014,02,75
1997,2014,02,251
1964,2014,02,4249
1927,2014,02,2
1993,2014,02,1687
1986,2014,02,8109
1950,2014,02,890
1934,2014,02,21
1917,2014,02,3
1957,2014,02,2238
1936,2014,02,31
1959,2014,02,2820
1994,2014,02,1215
1926,2014,02,5
1954,2014,02,1942
1953,2014,02,1775
1971,2014,02,4923
1988,2014,02,8048
1947,2014,02,451
1977,2014,02,5957
1946,2014,02,454
1991,2014,02,3074
1966,2014,02,4005
1970,2014,02,5736
1942,2014,02,182
1901,2014,02,11
1940,2014,02,84
1913,2014,02,1
1963,2014,02,4229
1982,2014,02,7968
1989,2014,02,6843
1972,2014,02,5028
1983,2014,02,8779
1973,2014,02,4974
1935,2014,02,14
1900,2014,02,68
1899,2014,02,9
1965,2014,02,3644
1968,2014,02,4476
1996,2014,02,334
1948,2014,02,807
1995,2014,02,827
1969,2014,02,5455
1962,2014,02,3641
1987,2014,02,7472
\N,2014,02,6717
1944,2014,02,311
1922,2014,02,32
1952,2014,02,1183
1974,2014,02,5848
1949,2014,02,725
1955,2014,02,1917
1990,2014,02,5697
1921,2014,02,1
1910,2014,02,4
1933,2014,02,10
1985,2014,02,9305
1976,2014,03,11328
1929,2014,03,1
1965,2014,03,7444
1990,2014,03,10509
1983,2014,03,16817
1972,2014,03,9756
1939,2014,03,65
1941,2014,03,402
1961,2014,03,5802
1981,2014,03,15394
1980,2014,03,14510
1956,2014,03,4212
1960,2014,03,6807
1942,2014,03,463
1970,2014,03,11018
1986,2014,03,15538
1985,2014,03,17145
1946,2014,03,758
1977,2014,03,12076
1947,2014,03,885
1988,2014,03,14818
1933,2014,03,22
1935,2014,03,41
1913,2014,03,2
1953,2014,03,3422
1954,2014,03,3571
1899,2014,03,14
1994,2014,03,1726
1957,2014,03,4724
1922,2014,03,29
1993,2014,03,2546
1927,2014,03,5
1951,2014,03,2350
1969,2014,03,10737
1944,2014,03,674
1997,2014,03,500
1938,2014,03,147
1901,2014,03,31
1948,2014,03,1541
1996,2014,03,699
1968,2014,03,8398
1936,2014,03,63
1952,2014,03,2309
1978,2014,03,13210
1932,2014,03,18
1900,2014,03,141
1910,2014,03,8
1973,2014,03,9502
1974,2014,03,10909
1992,2014,03,3300
1979,2014,03,14213
1924,2014,03,11
1989,2014,03,12687
1982,2014,03,15752
1958,2014,03,5295
1984,2014,03,17073
1975,2014,03,9674
1943,2014,03,296
1998,2014,03,6
1966,2014,03,8176
1991,2014,03,5633
1921,2014,03,13
1963,2014,03,8044
1971,2014,03,9777
1940,2014,03,138
1949,2014,03,1327
1945,2014,03,562
1950,2014,03,1567
1917,2014,03,6
1937,2014,03,43
1934,2014,03,52
1955,2014,03,3695
\N,2014,03,22882
1987,2014,03,14602
1962,2014,03,7306
1964,2014,03,8039
1926,2014,03,11
1959,2014,03,5382
1995,2014,03,1374
1967,2014,03,9094
1994,2014,04,2714
1961,2014,04,8121
1954,2014,04,5038
1940,2014,04,288
1924,2014,04,15
1966,2014,04,11302
1992,2014,04,5029
1988,2014,04,22345
1952,2014,04,3105
1977,2014,04,17396
1939,2014,04,87
1900,2014,04,203
1978,2014,04,19125
1983,2014,04,25478
1960,2014,04,8844
1989,2014,04,19869
1938,2014,04,163
1979,2014,04,20196
1917,2014,04,11
1963,2014,04,11191
1941,2014,04,506
1967,2014,04,12687
1945,2014,04,804
1926,2014,04,21
1993,2014,04,4328
1964,2014,04,11255
1990,2014,04,17201
1997,2014,04,697
1976,2014,04,16202
1934,2014,04,53
1932,2014,04,17
1953,2014,04,4577
1921,2014,04,14
1935,2014,04,73
1949,2014,04,1753
1959,2014,04,7630
1901,2014,04,64
1962,2014,04,10049
1957,2014,04,6697
1936,2014,04,52
1910,2014,04,7
1937,2014,04,27
1956,2014,04,5626
1980,2014,04,21537
1998,2014,04,98
1951,2014,04,2993
1950,2014,04,2269
1985,2014,04,26041
1972,2014,04,13699
1984,2014,04,26405
1982,2014,04,23438
1965,2014,04,11068
1931,2014,04,1
1974,2014,04,15728
1973,2014,04,14200
1899,2014,04,38
1975,2014,04,14561
1968,2014,04,11811
1958,2014,04,7057
1948,2014,04,1897
1987,2014,04,22546
1907,2014,04,3
1955,2014,04,4948
1929,2014,04,1
1969,2014,04,14578
1995,2014,04,1821
1986,2014,04,23878
1933,2014,04,45
1996,2014,04,839
1920,2014,04,1
\N,2014,04,63043
1971,2014,04,13567
1943,2014,04,446
1942,2014,04,634
1944,2014,04,765
1991,2014,04,8872
1922,2014,04,5
1947,2014,04,1421
1946,2014,04,918
1981,2014,04,23195
1970,2014,04,15553
1971,2014,05,17375
1913,2014,05,1
1947,2014,05,1604
1944,2014,05,818
1948,2014,05,2153
1989,2014,05,26029
1991,2014,05,11673
1899,2014,05,51
1970,2014,05,19303
1994,2014,05,2705
1969,2014,05,17760
1907,2014,05,6
1942,2014,05,768
1955,2014,05,5919
1929,2014,05,1
1988,2014,05,27646
1996,2014,05,1345
1982,2014,05,30069
1910,2014,05,42
1972,2014,05,17213
1973,2014,05,17652
1922,2014,05,11
1937,2014,05,57
\N,2014,05,107593
1965,2014,05,13216
1931,2014,05,1
1945,2014,05,1085
1968,2014,05,15455
1958,2014,05,8676
1943,2014,05,511
1949,2014,05,2098
1987,2014,05,29140
1980,2014,05,26655
1920,2014,05,2
1984,2014,05,32908
1917,2014,05,13
1995,2014,05,2061
1901,2014,05,73
1974,2014,05,19345
1962,2014,05,12488
1936,2014,05,58
1935,2014,05,101
1975,2014,05,18398
1952,2014,05,3595
1940,2014,05,305
1967,2014,05,15039
1986,2014,05,30149
1930,2014,05,2
1956,2014,05,7195
1993,2014,05,4819
1933,2014,05,24
1934,2014,05,27
1927,2014,05,2
1953,2014,05,5281
1985,2014,05,33800
1997,2014,05,1097
1992,2014,05,6113
1959,2014,05,9212
1950,2014,05,2896
1990,2014,05,21727
1960,2014,05,11188
1963,2014,05,13012
1939,2014,05,111
1978,2014,05,23825
1981,2014,05,29164
1941,2014,05,652
1946,2014,05,1096
1957,2014,05,7730
1938,2014,05,219
1979,2014,05,25462
1926,2014,05,21
1964,2014,05,13818
1951,2014,05,3800
1961,2014,05,10069
1954,2014,05,5754
1932,2014,05,34
1976,2014,05,20526
1977,2014,05,21726
1924,2014,05,10
1966,2014,05,13881
1983,2014,05,32222
1921,2014,05,39
1998,2014,05,154
1900,2014,05,243
1936,2014,06,103
1976,2014,06,21967
1965,2014,06,14423
1990,2014,06,24599
1983,2014,06,36826
1972,2014,06,18803
1920,2014,06,4
1933,2014,06,33
1939,2014,06,113
1941,2014,06,688
1942,2014,06,736
1930,2014,06,5
1931,2014,06,3
1980,2014,06,28559
1907,2014,06,9
1956,2014,06,7550
1960,2014,06,11643
1961,2014,06,10140
1981,2014,06,32299
1970,2014,06,20330
1985,2014,06,36246
1946,2014,06,1218
1977,2014,06,23146
1947,2014,06,1734
1988,2014,06,29822
1935,2014,06,63
1953,2014,06,5666
1954,2014,06,6272
1994,2014,06,2882
1899,2014,06,35
1901,2014,06,66
1957,2014,06,8142
1922,2014,06,19
1993,2014,06,5700
1951,2014,06,4068
1969,2014,06,18294
1944,2014,06,740
1997,2014,06,1400
1938,2014,06,177
1948,2014,06,2326
1996,2014,06,1569
1968,2014,06,15988
1952,2014,06,3933
1978,2014,06,25602
1932,2014,06,30
1900,2014,06,280
1910,2014,06,26
1973,2014,06,18058
1974,2014,06,20831
1992,2014,06,6527
1979,2014,06,26920
1924,2014,06,5
1989,2014,06,27959
1982,2014,06,32803
1958,2014,06,9151
1984,2014,06,37156
1975,2014,06,20098
1943,2014,06,513
1998,2014,06,298
1921,2014,06,22
1966,2014,06,14055
1991,2014,06,12943
1963,2014,06,14388
1971,2014,06,18006
1940,2014,06,282
1949,2014,06,2382
1959,2014,06,9957
1950,2014,06,3021
1917,2014,06,16
1937,2014,06,47
1934,2014,06,35
1986,2014,06,34065
1955,2014,06,6452
\N,2014,06,118232
1987,2014,06,32392
1962,2014,06,12935
1964,2014,06,14439
1926,2014,06,18
1945,2014,06,983
1995,2014,06,2134
1967,2014,06,15480
1971,2014,07,17813
1930,2014,07,2
1947,2014,07,1864
1948,2014,07,2390
1989,2014,07,29454
1991,2014,07,14791
1951,2014,07,4598
1981,2014,07,33408
1994,2014,07,3479
1969,2014,07,19311
1942,2014,07,718
1955,2014,07,6360
1975,2014,07,20775
1944,2014,07,754
1996,2014,07,1616
1982,2014,07,33977
1972,2014,07,18738
1987,2014,07,33518
1952,2014,07,3884
1937,2014,07,80
\N,2014,07,119125
1965,2014,07,14186
1931,2014,07,1
1945,2014,07,1081
1968,2014,07,16265
1963,2014,07,14895
1917,2014,07,8
1933,2014,07,28
1943,2014,07,387
1949,2014,07,2361
1973,2014,07,18669
1980,2014,07,30979
1940,2014,07,341
1976,2014,07,22896
1984,2014,07,37532
1950,2014,07,2918
1995,2014,07,2331
1901,2014,07,64
1974,2014,07,21036
1958,2014,07,9534
1962,2014,07,13511
1935,2014,07,45
1926,2014,07,37
1986,2014,07,35974
1910,2014,07,11
1899,2014,07,37
1967,2014,07,15824
1921,2014,07,8
1998,2014,07,391
1956,2014,07,7651
1993,2014,07,6595
1934,2014,07,26
1939,2014,07,99
1985,2014,07,37287
1970,2014,07,20776
1997,2014,07,1191
1992,2014,07,8368
1959,2014,07,10590
1960,2014,07,11959
1953,2014,07,5826
1978,2014,07,26662
1941,2014,07,650
1946,2014,07,1173
1957,2014,07,8135
1938,2014,07,114
1979,2014,07,27469
1964,2014,07,14836
1990,2014,07,25853
1961,2014,07,10646
1954,2014,07,6688
1936,2014,07,102
1932,2014,07,43
1988,2014,07,30768
1977,2014,07,24402
1907,2014,07,4
1924,2014,07,2
1966,2014,07,14054
1983,2014,07,38660
1900,2014,07,208
1983,2014,08,38409
1966,2014,08,13295
1934,2014,08,61
1901,2014,08,66
1977,2014,08,24155
1933,2014,08,56
1976,2014,08,22307
1932,2014,08,28
1954,2014,08,6294
1961,2014,08,10398
1990,2014,08,26066
1964,2014,08,13358
1979,2014,08,26544
1936,2014,08,84
1957,2014,08,7681
1946,2014,08,1075
1941,2014,08,605
1944,2014,08,751
1978,2014,08,26059
1953,2014,08,5642
1960,2014,08,11037
1899,2014,08,58
1959,2014,08,9946
1952,2014,08,3812
1997,2014,08,1249
1985,2014,08,36362
1939,2014,08,155
1963,2014,08,13948
1951,2014,08,3887
1993,2014,08,5873
1981,2014,08,32930
1956,2014,08,7473
1940,2014,08,320
1967,2014,08,14197
1937,2014,08,49
1910,2014,08,16
1975,2014,08,20569
1935,2014,08,95
1962,2014,08,12271
1974,2014,08,19694
1986,2014,08,36618
1995,2014,08,2454
1924,2014,08,3
1984,2014,08,36969
1926,2014,08,16
1980,2014,08,30550
1945,2014,08,829
1987,2014,08,32978
1949,2014,08,2257
1943,2014,08,384
1992,2014,08,8605
1958,2014,08,8873
1968,2014,08,15291
1931,2014,08,9
1950,2014,08,2799
1965,2014,08,13749
\N,2014,08,135932
1973,2014,08,17980
1942,2014,08,742
1972,2014,08,18087
1907,2014,08,14
1921,2014,08,4
1982,2014,08,34281
1996,2014,08,1440
1971,2014,08,17073
1988,2014,08,31503
1955,2014,08,6016
1917,2014,08,16
1969,2014,08,17937
1994,2014,08,3570
1970,2014,08,19091
1991,2014,08,15984
1989,2014,08,29682
1948,2014,08,2184
1947,2014,08,1751
1930,2014,08,6
1998,2014,08,494
1900,2014,08,225
1938,2014,08,218
1960,2014,09,12571
1998,2014,09,693
1941,2014,09,718
1946,2014,09,1263
1987,2014,09,32700
1942,2014,09,878
1980,2014,09,28766
1964,2014,09,14650
1990,2014,09,27780
1961,2014,09,11545
1950,2014,09,2730
1995,2014,09,4518
1976,2014,09,21976
1977,2014,09,23709
1936,2014,09,46
1986,2014,09,35813
1935,2014,09,114
1983,2014,09,36674
1931,2014,09,2
1930,2014,09,4
1947,2014,09,1836
1948,2014,09,2388
1956,2014,09,7642
1955,2014,09,6469
1993,2014,09,7941
1970,2014,09,20818
1994,2014,09,5987
1969,2014,09,19254
1985,2014,09,36393
1981,2014,09,31566
1952,2014,09,3890
1963,2014,09,14734
1996,2014,09,2151
1982,2014,09,32035
1953,2014,09,5921
1978,2014,09,25776
1992,2014,09,10562
1973,2014,09,18837
1944,2014,09,887
1957,2014,09,8230
1938,2014,09,235
1979,2014,09,26248
1921,2014,09,7
1968,2014,09,16722
1958,2014,09,9522
1988,2014,09,31801
1932,2014,09,33
1907,2014,09,3
1933,2014,09,26
1943,2014,09,565
1949,2014,09,2268
1997,2014,09,1364
1966,2014,09,14707
1984,2014,09,35694
1926,2014,09,24
1900,2014,09,201
1971,2014,09,18872
1974,2014,09,20439
1951,2014,09,3952
1962,2014,09,13475
1989,2014,09,31065
1991,2014,09,18410
1975,2014,09,20347
1940,2014,09,413
1937,2014,09,34
1967,2014,09,15913
1917,2014,09,6
1901,2014,09,65
1954,2014,09,6708
1899,2014,09,41
1910,2014,09,8
,2014,09,99325
1972,2014,09,18538
1934,2014,09,75
1939,2014,09,145
1945,2014,09,946
1965,2014,09,14790
1922,2014,09,17
1959,2014,09,10416
1982,2014,10,27641
1922,2014,10,6
1978,2014,10,22331
1953,2014,10,5580
1933,2014,10,32
1973,2014,10,16609
1938,2014,10,225
1997,2014,10,1192
1991,2014,10,16116
1996,2014,10,1982
1948,2014,10,2090
1910,2014,10,5
1993,2014,10,8462
1943,2014,10,433
1942,2014,10,823
1969,2014,10,16863
1962,2014,10,11988
1958,2014,10,8816
1907,2014,10,11
1989,2014,10,26906
1945,2014,10,929
1940,2014,10,404
1975,2014,10,17801
1984,2014,10,31096
1971,2014,10,17694
1900,2014,10,173
1998,2014,10,722
1901,2014,10,72
1949,2014,10,2077
1974,2014,10,18381
1951,2014,10,3634
1966,2014,10,13259
1995,2014,10,4738
1976,2014,10,19570
1931,2014,10,3
1987,2014,10,28379
1970,2014,10,19142
1961,2014,10,10259
1960,2014,10,11375
1964,2014,10,13123
1937,2014,10,27
1972,2014,10,16315
1941,2014,10,694
1939,2014,10,88
1934,2014,10,84
1965,2014,10,12895
1917,2014,10,7
1955,2014,10,5847
1930,2014,10,5
1959,2014,10,9036
1994,2014,10,6233
,2014,10,69087
1985,2014,10,30982
1967,2014,10,14579
1988,2014,10,28136
1947,2014,10,1572
1944,2014,10,842
1956,2014,10,7089
1986,2014,10,31881
1926,2014,10,22
1935,2014,10,97
1932,2014,10,26
1954,2014,10,6170
1992,2014,10,9918
1936,2014,10,82
1957,2014,10,7582
1977,2014,10,20916
1946,2014,10,1050
1950,2014,10,2473
1968,2014,10,15114
1980,2014,10,24803
1925,2014,10,3
1983,2014,10,31594
1899,2014,10,38
1981,2014,10,27472
1979,2014,10,22942
1952,2014,10,3734
1990,2014,10,24795
1921,2014,10,1
1963,2014,10,13538
1946,2014,11,787
1988,2014,11,17577
1947,2014,11,1109
1940,2014,11,362
1925,2014,11,2
1927,2014,11,2
1961,2014,11,7196
1981,2014,11,17227
1957,2014,11,5136
1934,2014,11,51
1998,2014,11,614
1942,2014,11,619
1953,2014,11,3928
1932,2014,11,19
1945,2014,11,622
1959,2014,11,6497
1990,2014,11,16543
1997,2014,11,950
1951,2014,11,2619
1938,2014,11,126
1967,2014,11,9772
1976,2014,11,12899
1993,2014,11,5760
1952,2014,11,2618
1917,2014,11,1
1960,2014,11,8219
1964,2014,11,9143
1979,2014,11,14582
1992,2014,11,6009
1978,2014,11,14676
1907,2014,11,3
1941,2014,11,433
1939,2014,11,90
1975,2014,11,11812
1984,2014,11,19722
1965,2014,11,9296
1948,2014,11,1604
1970,2014,11,13006
1949,2014,11,1424
1974,2014,11,12187
1985,2014,11,19368
1922,2014,11,15
1926,2014,11,16
1958,2014,11,6251
1910,2014,11,3
1980,2014,11,15950
1956,2014,11,4960
1935,2014,11,66
1943,2014,11,284
1962,2014,11,8653
1933,2014,11,21
1954,2014,11,4465
1944,2014,11,593
,2014,11,28026
1995,2014,11,3518
1937,2014,11,2
1996,2014,11,1508
1986,2014,11,19990
1968,2014,11,10326
1955,2014,11,4259
1931,2014,11,1
1987,2014,11,17844
1969,2014,11,11478
1972,2014,11,10828
1989,2014,11,17230
1963,2014,11,9701
1982,2014,11,17339
1971,2014,11,11369
1936,2014,11,38
1900,2014,11,118
1899,2014,11,4
1973,2014,11,10920
1950,2014,11,1767
1983,2014,11,19980
1994,2014,11,4406
1966,2014,11,9065
1901,2014,11,49
1991,2014,11,10119
1977,2014,11,13416
1930,2014,12,9
1899,2014,12,5
1940,2014,12,209
1901,2014,12,45
1942,2014,12,599
1964,2014,12,7614
1950,2014,12,1445
1966,2014,12,7564
1938,2014,12,142
1926,2014,12,9
1946,2014,12,729
1977,2014,12,10452
1933,2014,12,27
1976,2014,12,9507
1978,2014,12,11328
1932,2014,12,2
1953,2014,12,3303
1954,2014,12,3942
1951,2014,12,2391
1959,2014,12,5341
1952,2014,12,2143
1979,2014,12,11127
1945,2014,12,450
1957,2014,12,4334
1939,2014,12,80
1941,2014,12,469
1936,2014,12,29
1992,2014,12,3785
1993,2014,12,3620
1927,2014,12,2
1956,2014,12,4217
1960,2014,12,6889
1997,2014,12,745
1934,2014,12,56
1985,2014,12,14099
1967,2014,12,8309
1961,2014,12,5901
1935,2014,12,46
1998,2014,12,530
1974,2014,12,9752
1910,2014,12,2
1937,2014,12,14
1984,2014,12,14490
1975,2014,12,9217
1980,2014,12,11817
1987,2014,12,12937
1962,2014,12,7140
1943,2014,12,298
1921,2014,12,6
1995,2014,12,2135
1968,2014,12,8122
1965,2014,12,7559
1949,2014,12,1167
1973,2014,12,8547
1944,2014,12,436
1972,2014,12,8644
1990,2014,12,11266
1982,2014,12,12615
1963,2014,12,8121
1981,2014,12,12891
1922,2014,12,5
1931,2014,12,2
1955,2014,12,3760
1925,2014,12,1
1969,2014,12,9904
1958,2014,12,5562
1970,2014,12,10517
,2014,12,16496
1991,2014,12,6632
1948,2014,12,1275
1996,2014,12,1030
1947,2014,12,819
1988,2014,12,12233
1971,2014,12,9117
1900,2014,12,115
1994,2014,12,2421
1983,2014,12,15109
1986,2014,12,13961
1989,2014,12,11440
1954,2015,01,2894
1950,2015,01,947
1994,2015,01,1218
1973,2015,01,6193
1976,2015,01,6976
,2015,01,5628
1953,2015,01,2252
1934,2015,01,32
1963,2015,01,6119
1974,2015,01,7514
1965,2015,01,5663
1926,2015,01,4
1943,2015,01,197
1975,2015,01,7103
1938,2015,01,109
1992,2015,01,2551
1967,2015,01,5938
1977,2015,01,7728
1932,2015,01,2
1901,2015,01,17
1985,2015,01,10402
1990,2015,01,8538
1952,2015,01,1659
1966,2015,01,5832
1939,2015,01,64
1984,2015,01,10313
1970,2015,01,7849
1986,2015,01,9763
1960,2015,01,4901
1969,2015,01,7438
1922,2015,01,17
1940,2015,01,149
1956,2015,01,3157
1910,2015,01,9
1993,2015,01,1842
1949,2015,01,888
1971,2015,01,7046
1936,2015,01,19
1999,2015,01,46
1997,2015,01,517
1941,2015,01,316
1983,2015,01,11092
1978,2015,01,8517
1962,2015,01,5252
1989,2015,01,8361
1961,2015,01,4327
1930,2015,01,10
1933,2015,01,10
1979,2015,01,8308
1948,2015,01,914
1987,2015,01,9487
1968,2015,01,6232
1958,2015,01,4428
1981,2015,01,9214
1980,2015,01,8877
1951,2015,01,1651
1899,2015,01,6
1972,2015,01,6714
1988,2015,01,8541
1945,2015,01,296
1982,2015,01,9662
1900,2015,01,89
1937,2015,01,4
1998,2015,01,367
1959,2015,01,3922
1935,2015,01,25
1957,2015,01,3034
1995,2015,01,990
1942,2015,01,332
1991,2015,01,4927
1946,2015,01,550
1944,2015,01,336
1947,2015,01,497
1996,2015,01,554
1964,2015,01,5649
1955,2015,01,2527
1930,2015,02,11
1983,2015,02,7389
1944,2015,02,237
1967,2015,02,4231
1901,2015,02,9
1910,2015,02,2
1926,2015,02,3
1950,2015,02,695
1991,2015,02,3686
1942,2015,02,264
1995,2015,02,1049
1931,2015,02,2
1929,2015,02,1
1964,2015,02,3876
1966,2015,02,3627
1951,2015,02,1066
1984,2015,02,7268
1976,2015,02,4904
1978,2015,02,5848
1962,2015,02,3664
1999,2015,02,62
1958,2015,02,3209
1959,2015,02,2831
1979,2015,02,5605
1956,2015,02,2079
1968,2015,02,4150
1970,2015,02,5679
1938,2015,02,100
1993,2015,02,1858
1949,2015,02,603
1996,2015,02,526
1899,2015,02,2
1997,2015,02,382
1982,2015,02,6273
1900,2015,02,83
1973,2015,02,4441
1952,2015,02,1093
1963,2015,02,4265
1989,2015,02,5895
1974,2015,02,4939
1948,2015,02,673
1987,2015,02,6966
1947,2015,02,361
1969,2015,02,4867
1975,2015,02,4386
1980,2015,02,6274
1994,2015,02,1714
1977,2015,02,5174
1992,2015,02,2158
1953,2015,02,1582
1946,2015,02,406
1986,2015,02,6822
1965,2015,02,3862
1957,2015,02,1934
1941,2015,02,194
1937,2015,02,6
1998,2015,02,243
1945,2015,02,114
1925,2015,02,1
1961,2015,02,2789
1922,2015,02,12
1955,2015,02,1769
1954,2015,02,1804
1985,2015,02,7029
1990,2015,02,6074
1981,2015,02,6144
1935,2015,02,28
,2015,02,2267
1939,2015,02,14
1934,2015,02,39
1972,2015,02,4669
1988,2015,02,6019
1971,2015,02,5083
1960,2015,02,3315
1943,2015,02,112
1940,2015,02,119
1940,2015,03,157
1962,2015,03,6389
1978,2015,03,9445
1970,2015,03,9688
1984,2015,03,12105
1986,2015,03,12102
1926,2015,03,3
1995,2015,03,1742
1999,2015,03,89
1980,2015,03,10409
1930,2015,03,9
1910,2015,03,3
1987,2015,03,11474
1948,2015,03,1146
1936,2015,03,4
1951,2015,03,1934
1983,2015,03,12433
1937,2015,03,8
1899,2015,03,13
1989,2015,03,10384
1935,2015,03,38
1988,2015,03,10627
1972,2015,03,7738
1973,2015,03,7657
1950,2015,03,1088
1900,2015,03,85
1982,2015,03,10538
,2015,03,12853
1901,2015,03,20
1981,2015,03,10509
1944,2015,03,520
1996,2015,03,916
1954,2015,03,3207
1955,2015,03,3019
1943,2015,03,212
1968,2015,03,7205
1946,2015,03,595
1959,2015,03,4499
1958,2015,03,4856
1957,2015,03,3430
1965,2015,03,6555
1907,2015,03,2
1976,2015,03,8650
1961,2015,03,4751
1953,2015,03,2914
1966,2015,03,6091
1964,2015,03,6592
1998,2015,03,383
1977,2015,03,8600
1994,2015,03,2239
1991,2015,03,6510
1975,2015,03,7720
1969,2015,03,8642
1947,2015,03,638
1967,2015,03,6840
1974,2015,03,8404
1952,2015,03,1988
1960,2015,03,5620
1971,2015,03,8347
1992,2015,03,3753
1934,2015,03,43
1945,2015,03,343
1997,2015,03,665
1990,2015,03,10238
1985,2015,03,12171
1949,2015,03,1059
1993,2015,03,2802
1938,2015,03,99
1922,2015,03,16
1963,2015,03,6360
1942,2015,03,488
1939,2015,03,28
1956,2015,03,3465
1979,2015,03,9288
1941,2015,03,373
1982,2015,04,20517
1987,2015,04,21638
1974,2015,04,14194
1999,2015,04,129
1989,2015,04,21408
1976,2015,04,14390
1991,2015,04,12855
1948,2015,04,1803
1910,2015,04,1
1977,2015,04,15899
1964,2015,04,10845
1940,2015,04,320
1980,2015,04,18643
1962,2015,04,10051
1995,2015,04,2704
1943,2015,04,378
1970,2015,04,14980
1979,2015,04,16994
1956,2015,04,5556
1984,2015,04,23770
1958,2015,04,7671
1959,2015,04,7612
1978,2015,04,17003
1949,2015,04,1731
1990,2015,04,19120
1973,2015,04,12353
1935,2015,04,39
1988,2015,04,20750
1997,2015,04,964
1951,2015,04,3118
1996,2015,04,1587
1931,2015,04,4
1981,2015,04,20368
1993,2015,04,5487
1960,2015,04,8954
1985,2015,04,24243
1952,2015,04,3038
1972,2015,04,12928
1930,2015,04,12
1986,2015,04,22758
1939,2015,04,77
1934,2015,04,54
1937,2015,04,9
1983,2015,04,24290
1942,2015,04,750
1971,2015,04,13689
1994,2015,04,4518
1944,2015,04,697
1901,2015,04,45
1966,2015,04,10136
1967,2015,04,11239
1953,2015,04,4589
1947,2015,04,1193
1963,2015,04,10682
1961,2015,04,8296
1998,2015,04,571
1922,2015,04,29
1885,2015,04,38
1945,2015,04,579
1926,2015,04,9
1941,2015,04,527
1932,2015,04,9
1965,2015,04,11023
1954,2015,04,5383
1957,2015,04,6333
1900,2015,04,145
1938,2015,04,146
,2015,04,66217
1946,2015,04,997
1950,2015,04,1986
1968,2015,04,11619
1899,2015,04,49
1955,2015,04,4876
1936,2015,04,38
1969,2015,04,13871
1992,2015,04,7027
1975,2015,04,13839
1950,2015,05,2617
1980,2015,05,26116
1977,2015,05,21610
1942,2015,05,753
1937,2015,05,21
1982,2015,05,28754
1938,2015,05,233
1969,2015,05,18442
1992,2015,05,11096
1922,2015,05,39
1885,2015,05,32
1935,2015,05,46
1954,2015,05,6547
1957,2015,05,8479
1994,2015,05,4852
1945,2015,05,768
,2015,05,167552
1946,2015,05,1135
1953,2015,05,5723
1947,2015,05,1764
1990,2015,05,25761
1955,2015,05,6257
1981,2015,05,28486
1917,2015,05,1
1926,2015,05,15
1999,2015,05,184
1934,2015,05,29
1961,2015,05,11016
1930,2015,05,7
1941,2015,05,664
1965,2015,05,14867
1900,2015,05,158
1951,2015,05,4040
1986,2015,05,30703
1983,2015,05,33318
1966,2015,05,13882
1967,2015,05,14933
1998,2015,05,917
1988,2015,05,28813
1960,2015,05,12056
1985,2015,05,33608
1920,2015,05,6
1931,2015,05,1
1970,2015,05,20599
1958,2015,05,9623
1939,2015,05,88
1956,2015,05,7404
1984,2015,05,33340
1925,2015,05,1
1972,2015,05,17508
1971,2015,05,18002
1949,2015,05,2216
1901,2015,05,29
1899,2015,05,48
1959,2015,05,9862
1997,2015,05,1416
1936,2015,05,49
1944,2015,05,850
1973,2015,05,16580
1976,2015,05,20410
1991,2015,05,17822
1993,2015,05,6944
1962,2015,05,12980
1995,2015,05,3476
1996,2015,05,1714
1964,2015,05,14626
1979,2015,05,22506
1987,2015,05,30362
1943,2015,05,473
1975,2015,05,19233
1978,2015,05,22565
1989,2015,05,29075
1963,2015,05,14308
1932,2015,05,20
1974,2015,05,19317
1940,2015,05,523
1948,2015,05,2139
1952,2015,05,3952
1968,2015,05,15625
1962,2015,06,13212
1978,2015,06,23434
1885,2015,06,49
1984,2015,06,33994
1970,2015,06,20181
1910,2015,06,5
1995,2015,06,3126
1999,2015,06,168
1980,2015,06,26602
1930,2015,06,3
1926,2015,06,6
1987,2015,06,31115
1948,2015,06,2228
1951,2015,06,3939
1983,2015,06,34051
1931,2015,06,2
1937,2015,06,26
1989,2015,06,29245
1940,2015,06,421
1927,2015,06,2
1988,2015,06,29649
1972,2015,06,17608
1973,2015,06,17012
1950,2015,06,2760
1900,2015,06,134
1982,2015,06,28836
,2015,06,130392
1981,2015,06,28996
1986,2015,06,31382
1944,2015,06,815
1996,2015,06,1662
1954,2015,06,6739
1955,2015,06,6676
1901,2015,06,29
1907,2015,06,5
1943,2015,06,382
1968,2015,06,16342
1946,2015,06,1096
1933,2015,06,1
1959,2015,06,10127
1935,2015,06,67
1963,2015,06,14489
1957,2015,06,8854
1965,2015,06,14779
1976,2015,06,20696
1942,2015,06,907
1953,2015,06,5993
1966,2015,06,13994
1964,2015,06,14875
1998,2015,06,1039
1977,2015,06,21478
1994,2015,06,4327
1991,2015,06,19593
1975,2015,06,19998
1969,2015,06,18638
1947,2015,06,1925
1967,2015,06,15727
1899,2015,06,36
1974,2015,06,19808
1952,2015,06,4059
1960,2015,06,12415
1971,2015,06,18322
1936,2015,06,62
1992,2015,06,12108
1934,2015,06,37
1945,2015,06,797
1997,2015,06,1521
1932,2015,06,50
1990,2015,06,26912
1985,2015,06,34632
1949,2015,06,2181
1993,2015,06,6277
1938,2015,06,198
1922,2015,06,4
1958,2015,06,9996
1961,2015,06,10953
1939,2015,06,129
1956,2015,06,7635
1979,2015,06,22587
1941,2015,06,669
1926,2015,07,2
1938,2015,07,181
1980,2015,07,29933
1977,2015,07,23679
1982,2015,07,34382
1925,2015,07,1
1969,2015,07,19850
1992,2015,07,15320
1885,2015,07,94
1951,2015,07,4460
1950,2015,07,2993
1957,2015,07,9090
1994,2015,07,5181
1945,2015,07,925
1952,2015,07,4310
,2015,07,180365
1946,2015,07,1165
1953,2015,07,6481
1947,2015,07,1926
1955,2015,07,7176
1921,2015,07,3
1913,2015,07,5
1970,2015,07,21890
1907,2015,07,1
1934,2015,07,48
1961,2015,07,11865
1930,2015,07,1
1965,2015,07,15760
1941,2015,07,646
1990,2015,07,30826
1981,2015,07,33821
1942,2015,07,982
1983,2015,07,38100
1966,2015,07,14405
1967,2015,07,16538
1978,2015,07,26241
1988,2015,07,34514
1954,2015,07,7387
1999,2015,07,278
1960,2015,07,12731
1985,2015,07,38307
1931,2015,07,2
1986,2015,07,36275
1963,2015,07,15593
1939,2015,07,91
1956,2015,07,8666
1984,2015,07,38113
1972,2015,07,19128
1971,2015,07,19487
1949,2015,07,2214
1901,2015,07,15
1937,2015,07,71
1935,2015,07,99
1959,2015,07,10776
1997,2015,07,1374
1910,2015,07,21
1973,2015,07,18992
1936,2015,07,91
1976,2015,07,23052
1991,2015,07,23383
1993,2015,07,8089
1962,2015,07,14270
1995,2015,07,3676
1996,2015,07,2028
1964,2015,07,15268
1927,2015,07,5
1979,2015,07,26631
1987,2015,07,36336
1943,2015,07,344
1944,2015,07,858
1975,2015,07,21608
1998,2015,07,1144
1940,2015,07,550
1989,2015,07,33793
1958,2015,07,10317
1974,2015,07,21100
1932,2015,07,88
1948,2015,07,2365
1900,2015,07,177
1968,2015,07,17682
1899,2015,07,41
1900,2015,08,154
1940,2015,08,583
1932,2015,08,75
1974,2015,08,21136
1963,2015,08,15278
1948,2015,08,2300
1989,2015,08,38701
1978,2015,08,27131
1975,2015,08,22069
1943,2015,08,407
1992,2015,08,18267
1987,2015,08,40152
1979,2015,08,28448
1964,2015,08,15464
1996,2015,08,2153
1995,2015,08,3353
1962,2015,08,14406
1993,2015,08,9605
1991,2015,08,25689
1976,2015,08,24123
1944,2015,08,732
1973,2015,08,19583
1981,2015,08,36153
1997,2015,08,1492
1959,2015,08,10841
1958,2015,08,10079
1937,2015,08,77
1921,2015,08,1
1949,2015,08,2264
1971,2015,08,19621
1990,2015,08,35572
1972,2015,08,20189
1899,2015,08,24
1984,2015,08,42297
1956,2015,08,8741
1939,2015,08,123
1986,2015,08,40340
1999,2015,08,281
1985,2015,08,42868
1960,2015,08,12591
1917,2015,08,3
1910,2015,08,28
1988,2015,08,37417
1931,2015,08,2
1967,2015,08,16275
1966,2015,08,14285
1983,2015,08,42172
1941,2015,08,595
1951,2015,08,4210
1901,2015,08,22
1965,2015,08,15707
1970,2015,08,22046
1930,2015,08,6
1961,2015,08,11830
1934,2015,08,10
1942,2015,08,1017
1945,2015,08,902
1955,2015,08,7109
1947,2015,08,1950
1953,2015,08,6739
1946,2015,08,1179
,2015,08,221001
1926,2015,08,10
1994,2015,08,5488
1957,2015,08,9472
1954,2015,08,7154
1935,2015,08,53
1885,2015,08,100
1952,2015,08,4369
1969,2015,08,19991
1925,2015,08,12
1982,2015,08,36134
1977,2015,08,24345
1950,2015,08,2782
1913,2015,08,13
1980,2015,08,31618
1938,2015,08,146
1936,2015,08,72
1998,2015,08,1334
1907,2015,08,10
1968,2015,08,18073
1918,2015,09,6
1910,2015,09,16
1993,2015,09,14717
1962,2015,09,16307
1995,2015,09,7446
1961,2015,09,13974
1930,2015,09,11
1979,2015,09,30292
1987,2015,09,43169
1941,2015,09,616
1901,2015,09,26
1983,2015,09,45294
1978,2015,09,29072
1989,2015,09,43691
1990,2015,09,39051
1913,2015,09,11
1948,2015,09,2476
1900,2015,09,171
1968,2015,09,20173
1896,2015,09,7
1970,2015,09,25752
1980,2015,09,33131
1944,2015,09,898
1972,2015,09,22181
1986,2015,09,43328
1988,2015,09,41235
1982,2015,09,38665
1937,2015,09,79
1959,2015,09,12252
1935,2015,09,45
1954,2015,09,8069
1981,2015,09,39327
1994,2015,09,11432
1973,2015,09,22502
1976,2015,09,26557
1991,2015,09,30129
,2015,09,210113
1946,2015,09,1258
1953,2015,09,7038
1947,2015,09,2048
1996,2015,09,5895
1899,2015,09,13
1964,2015,09,17760
1926,2015,09,10
1955,2015,09,7921
1945,2015,09,984
1998,2015,09,1876
1938,2015,09,238
1975,2015,09,24007
1992,2015,09,21151
1917,2015,09,9
1950,2015,09,3275
1934,2015,09,16
1958,2015,09,11266
1974,2015,09,24152
1932,2015,09,62
1965,2015,09,18381
1931,2015,09,1
1951,2015,09,4584
1940,2015,09,609
1966,2015,09,17312
1967,2015,09,18846
1977,2015,09,27539
1999,2015,09,632
1960,2015,09,14476
1985,2015,09,46105
1936,2015,09,105
1969,2015,09,23436
1952,2015,09,5020
1922,2015,09,6
1885,2015,09,94
1942,2015,09,1216
1939,2015,09,170
1956,2015,09,9312
1984,2015,09,44727
1963,2015,09,17013
1971,2015,09,23204
1949,2015,09,2412
1957,2015,09,10432
1943,2015,09,528
1997,2015,09,2339
1994,2015,10,10937
1955,2015,10,7970
1954,2015,10,8018
1976,2015,10,26140
1953,2015,10,6874
1973,2015,10,22462
1992,2015,10,20791
1940,2015,10,588
,2015,10,146512
1939,2015,10,98
1945,2015,10,1029
1951,2015,10,4863
1950,2015,10,3294
1957,2015,10,10990
1971,2015,10,24354
1960,2015,10,15342
1899,2015,10,18
1938,2015,10,246
1969,2015,10,23804
1925,2015,10,1
1967,2015,10,19540
1958,2015,10,11748
1932,2015,10,54
1977,2015,10,27413
1985,2015,10,43274
1990,2015,10,37193
1970,2015,10,27021
1952,2015,10,4790
1901,2015,10,18
1966,2015,10,17757
1974,2015,10,25086
1933,2015,10,11
1941,2015,10,799
1913,2015,10,10
1934,2015,10,23
1978,2015,10,28886
1962,2015,10,16811
1975,2015,10,23640
1910,2015,10,42
1961,2015,10,13747
1944,2015,10,1036
1979,2015,10,29579
1981,2015,10,37423
1995,2015,10,7035
1926,2015,10,29
1993,2015,10,13709
1949,2015,10,2432
1959,2015,10,13017
1885,2015,10,103
1917,2015,10,7
1972,2015,10,22655
1918,2015,10,17
1984,2015,10,43989
1997,2015,10,2659
1982,2015,10,37758
1999,2015,10,843
1937,2015,10,62
1935,2015,10,40
1922,2015,10,1
1930,2015,10,32
1956,2015,10,9609
1968,2015,10,20574
1948,2015,10,2546
1986,2015,10,41516
1896,2015,10,7
1980,2015,10,32656
1988,2015,10,38663
1998,2015,10,2110
1983,2015,10,42478
1963,2015,10,17532
1942,2015,10,1123
1989,2015,10,41552
1965,2015,10,18574
1936,2015,10,92
1991,2015,10,29897
1943,2015,10,545
1987,2015,10,39921
1947,2015,10,2139
1946,2015,10,1145
1964,2015,10,18688
1920,2015,10,3
1996,2015,10,6118
1900,2015,10,169
1935,2015,11,31
1964,2015,11,15376
1938,2015,11,270
1969,2015,11,19857
1987,2015,11,33117
1968,2015,11,16955
1930,2015,11,1
1932,2015,11,43
1996,2015,11,5084
1942,2015,11,1032
1995,2015,11,5419
1993,2015,11,11146
1949,2015,11,2320
1975,2015,11,19941
1973,2015,11,18618
1907,2015,11,4
1900,2015,11,126
1984,2015,11,36374
1997,2015,11,2299
1959,2015,11,11302
1936,2015,11,77
1963,2015,11,15050
1901,2015,11,25
1978,2015,11,23377
1962,2015,11,14586
1945,2015,11,1034
1991,2015,11,24201
1943,2015,11,411
1956,2015,11,8138
1910,2015,11,20
1979,2015,11,24089
1967,2015,11,16737
1999,2015,11,754
1913,2015,11,4
1958,2015,11,10222
1976,2015,11,21330
1972,2015,11,18790
1918,2015,11,9
1934,2015,11,15
1966,2015,11,14914
1939,2015,11,207
1983,2015,11,34610
1899,2015,11,13
1937,2015,11,51
1954,2015,11,7040
1998,2015,11,1745
1960,2015,11,13615
1986,2015,11,34517
1952,2015,11,4172
1965,2015,11,15881
1946,2015,11,1128
1970,2015,11,23110
1917,2015,11,1
1985,2015,11,36006
1990,2015,11,29405
1955,2015,11,6996
1950,2015,11,2953
1988,2015,11,32743
1885,2015,11,88
1940,2015,11,446
,2015,11,100601
1941,2015,11,724
1957,2015,11,9581
1951,2015,11,4178
1971,2015,11,20976
1961,2015,11,12266
1944,2015,11,767
1947,2015,11,1875
1948,2015,11,2351
1977,2015,11,22330
1994,2015,11,8192
1980,2015,11,27008
1981,2015,11,30031
1992,2015,11,16541
1953,2015,11,5769
1982,2015,11,31897
1974,2015,11,20832
1926,2015,11,11
1933,2015,11,3
1989,2015,11,33487
1940,2015,12,428
1980,2015,12,22637
1938,2015,12,232
1975,2015,12,16605
1907,2015,12,2
1943,2015,12,418
1968,2015,12,14325
1987,2015,12,26811
1948,2015,12,1996
1979,2015,12,19529
1974,2015,12,17609
1935,2015,12,34
1963,2015,12,12592
1989,2015,12,25958
1962,2015,12,12373
1978,2015,12,19693
1976,2015,12,17925
1973,2015,12,15460
1918,2015,12,8
1917,2015,12,2
1997,2015,12,1802
1964,2015,12,13572
1996,2015,12,3532
1995,2015,12,3842
1949,2015,12,1993
1993,2015,12,8781
1991,2015,12,19097
1926,2015,12,13
1942,2015,12,846
1910,2015,12,30
1956,2015,12,7331
1998,2015,12,1725
1959,2015,12,10279
1992,2015,12,13348
1937,2015,12,48
1960,2015,12,12071
1971,2015,12,17167
1981,2015,12,24742
1988,2015,12,26664
1972,2015,12,16046
1984,2015,12,29441
1939,2015,12,223
1966,2015,12,12750
1970,2015,12,19463
1951,2015,12,3806
1985,2015,12,29271
1930,2015,12,27
1961,2015,12,11053
1954,2015,12,6399
1967,2015,12,14268
1901,2015,12,20
1983,2015,12,28170
1944,2015,12,719
1941,2015,12,690
1986,2015,12,27495
1899,2015,12,18
1965,2015,12,13378
1958,2015,12,9325
1934,2015,12,5
1953,2015,12,5319
,2015,12,67877
1994,2015,12,5967
1950,2015,12,2588
1955,2015,12,6613
1932,2015,12,25
1969,2015,12,16230
1947,2015,12,1708
1946,2015,12,1087
1945,2015,12,782
1957,2015,12,8425
1999,2015,12,733
1885,2015,12,126
1952,2015,12,3767
1900,2015,12,115
1982,2015,12,26069
1990,2015,12,23819
1977,2015,12,18730
1936,2015,12,58
1960,2016,01,8093
1989,2016,01,16215
1961,2016,01,7113
1975,2016,01,11199
1967,2016,01,9810
1987,2016,01,17022
1947,2016,01,1023
1977,2016,01,12508
1964,2016,01,8910
1986,2016,01,17732
1995,2016,01,1785
1994,2016,01,2514
1942,2016,01,459
1976,2016,01,11887
1885,2016,01,63
1940,2016,01,247
1918,2016,01,1
1945,2016,01,426
1963,2016,01,8703
1959,2016,01,6688
1978,2016,01,13522
1901,2016,01,18
1954,2016,01,4217
1969,2016,01,11003
1958,2016,01,6797
1970,2016,01,13672
1938,2016,01,214
1979,2016,01,12903
1946,2016,01,730
1956,2016,01,5189
1968,2016,01,9945
1996,2016,01,1359
1981,2016,01,16627
1932,2016,01,9
1993,2016,01,5036
1950,2016,01,1490
1985,2016,01,19060
1992,2016,01,8986
1951,2016,01,2431
1999,2016,01,498
1982,2016,01,17514
1952,2016,01,2570
1937,2016,01,6
1983,2016,01,18565
1998,2016,01,1209
1988,2016,01,17023
1943,2016,01,272
1944,2016,01,496
1991,2016,01,12190
1907,2016,01,1
1948,2016,01,1332
1899,2016,01,16
1910,2016,01,23
1997,2016,01,890
1936,2016,01,40
1973,2016,01,10086
1966,2016,01,8386
1953,2016,01,3352
1984,2016,01,19333
1980,2016,01,15109
1941,2016,01,447
1965,2016,01,9078
1962,2016,01,8802
1957,2016,01,5403
2000,2016,01,1
1926,2016,01,2
1955,2016,01,4324
1949,2016,01,1260
1990,2016,01,15676
1917,2016,01,1
1972,2016,01,11229
,2016,01,24545
1939,2016,01,119
1900,2016,01,96
1934,2016,01,5
1971,2016,01,12116
1974,2016,01,11845
1935,2016,01,12
1907,2016,02,4
1997,2016,02,1229
1918,2016,02,4
1978,2016,02,13900
1941,2016,02,504
1974,2016,02,12609
1979,2016,02,14136
1948,2016,02,1405
1968,2016,02,10237
1917,2016,02,1
1975,2016,02,11915
1985,2016,02,20670
1977,2016,02,12826
1980,2016,02,16159
1982,2016,02,18732
1942,2016,02,571
1984,2016,02,21191
1945,2016,02,566
1972,2016,02,11661
1885,2016,02,94
1998,2016,02,1363
1899,2016,02,38
1957,2016,02,5566
1959,2016,02,7249
1951,2016,02,2559
1910,2016,02,13
1970,2016,02,14035
1936,2016,02,35
1955,2016,02,4608
1949,2016,02,1315
1971,2016,02,12817
1996,2016,02,2971
1964,2016,02,9662
1965,2016,02,9593
,2016,02,29826
1953,2016,02,3838
1934,2016,02,5
1986,2016,02,20156
1976,2016,02,12677
1961,2016,02,7649
1962,2016,02,9690
1989,2016,02,18518
1963,2016,02,9259
1983,2016,02,20216
1966,2016,02,9235
1967,2016,02,10205
1987,2016,02,19693
1920,2016,02,1
1969,2016,02,11575
1921,2016,02,1
1938,2016,02,146
1958,2016,02,6855
1950,2016,02,1834
1990,2016,02,17667
1901,2016,02,2
1981,2016,02,17263
1932,2016,02,6
1944,2016,02,495
1939,2016,02,155
1900,2016,02,101
1973,2016,02,11357
1992,2016,02,10149
1988,2016,02,18459
1935,2016,02,18
1960,2016,02,8267
1940,2016,02,203
1937,2016,02,14
1952,2016,02,2786
1946,2016,02,715
1956,2016,02,5452
1947,2016,02,1011
1943,2016,02,320
2000,2016,02,23
1926,2016,02,11
1991,2016,02,14644
1993,2016,02,6627
1954,2016,02,4586
1995,2016,02,3415
1994,2016,02,4999
1999,2016,02,512
1985,2016,03,33177
1921,2016,03,2
1938,2016,03,272
1968,2016,03,15599
1948,2016,03,2073
1918,2016,03,6
1983,2016,03,31585
1941,2016,03,764
1952,2016,03,4222
1962,2016,03,14203
1965,2016,03,14070
1953,2016,03,5493
1917,2016,03,8
,2016,03,93243
1999,2016,03,850
1899,2016,03,34
1949,2016,03,2109
1955,2016,03,7139
1991,2016,03,24530
1920,2016,03,1
2000,2016,03,47
1961,2016,03,11706
1910,2016,03,18
1998,2016,03,1930
1957,2016,03,8424
1960,2016,03,12715
1935,2016,03,43
1972,2016,03,17618
1984,2016,03,32089
1900,2016,03,121
1939,2016,03,177
1933,2016,03,4
1977,2016,03,20508
1990,2016,03,29038
1980,2016,03,24631
1927,2016,03,2
1975,2016,03,18016
1969,2016,03,17693
1954,2016,03,7084
1987,2016,03,31289
1967,2016,03,15533
1979,2016,03,22033
1901,2016,03,17
1974,2016,03,19199
1944,2016,03,766
1963,2016,03,14342
1989,2016,03,31745
1940,2016,03,341
1978,2016,03,21356
1976,2016,03,19723
1981,2016,03,27242
1934,2016,03,11
1936,2016,03,93
1907,2016,03,4
1997,2016,03,2088
1964,2016,03,14755
1945,2016,03,889
1996,2016,03,4367
1994,2016,03,7059
1995,2016,03,4980
1950,2016,03,2563
1993,2016,03,10933
1932,2016,03,13
1942,2016,03,897
1943,2016,03,532
1947,2016,03,1595
1956,2016,03,8085
1986,2016,03,31913
1959,2016,03,10477
1937,2016,03,25
1958,2016,03,9662
1926,2016,03,19
1971,2016,03,18666
1885,2016,03,103
1988,2016,03,31077
1992,2016,03,17758
1973,2016,03,17932
1946,2016,03,1014
1982,2016,03,28362
1966,2016,03,14016
1951,2016,03,3904
1970,2016,03,21299
1953,2016,04,5475
1910,2016,04,36
1996,2016,04,5008
1964,2016,04,15379
1917,2016,04,20
1955,2016,04,7088
1962,2016,04,14125
1992,2016,04,20570
1969,2016,04,18131
1975,2016,04,18789
1963,2016,04,14426
1899,2016,04,33
1974,2016,04,19347
1965,2016,04,14525
1918,2016,04,4
1986,2016,04,35860
1951,2016,04,3728
1943,2016,04,590
1966,2016,04,14518
1948,2016,04,2096
1939,2016,04,134
1968,2016,04,15979
1977,2016,04,21798
1985,2016,04,36748
1961,2016,04,12194
1972,2016,04,18672
1901,2016,04,29
1940,2016,04,400
1982,2016,04,31030
1956,2016,04,8015
1937,2016,04,15
1971,2016,04,18785
1950,2016,04,2803
1994,2016,04,7639
2000,2016,04,131
1991,2016,04,27600
1997,2016,04,2348
1946,2016,04,1077
1926,2016,04,18
1947,2016,04,1788
1945,2016,04,892
1921,2016,04,15
1894,2016,04,6
1993,2016,04,12599
1936,2016,04,47
1995,2016,04,5501
1998,2016,04,1851
1930,2016,04,15
1979,2016,04,23575
1900,2016,04,109
1987,2016,04,34525
1934,2016,04,5
1954,2016,04,7036
1983,2016,04,33625
1932,2016,04,21
1978,2016,04,22373
1989,2016,04,36018
1990,2016,04,33044
1973,2016,04,18118
1988,2016,04,35487
1938,2016,04,234
1981,2016,04,29091
1967,2016,04,15641
1942,2016,04,833
1944,2016,04,924
1970,2016,04,22115
1999,2016,04,971
1960,2016,04,12470
1980,2016,04,25954
1952,2016,04,3983
1885,2016,04,136
1920,2016,04,14
1941,2016,04,685
1984,2016,04,35982
1958,2016,04,9900
1959,2016,04,10743
1935,2016,04,55
1949,2016,04,2089
1957,2016,04,8521
1933,2016,04,1
1976,2016,04,20524
,2016,04,130470
1885,2016,05,126
1949,2016,05,2229
1957,2016,05,10249
1990,2016,05,39528
1932,2016,05,39
,2016,05,176321
1938,2016,05,241
1955,2016,05,7741
1981,2016,05,34400
1999,2016,05,1148
1934,2016,05,11
1986,2016,05,41659
1930,2016,05,2
1935,2016,05,45
1899,2016,05,15
1994,2016,05,8057
1958,2016,05,10615
1967,2016,05,18415
1918,2016,05,14
1991,2016,05,32454
1980,2016,05,31235
1936,2016,05,72
1995,2016,05,5831
1945,2016,05,1045
1956,2016,05,8842
1954,2016,05,7776
1917,2016,05,27
1998,2016,05,2582
1985,2016,05,44630
1894,2016,05,7
1982,2016,05,36202
1888,2016,05,15
1942,2016,05,826
1974,2016,05,23287
1948,2016,05,2310
1953,2016,05,6416
1910,2016,05,29
1933,2016,05,35
1964,2016,05,17668
1984,2016,05,41772
1965,2016,05,17157
1951,2016,05,4134
1963,2016,05,16617
1959,2016,05,12148
1900,2016,05,172
1912,2016,05,2
1988,2016,05,43329
1944,2016,05,906
1960,2016,05,14543
1996,2016,05,4798
1970,2016,05,25279
1939,2016,05,175
1987,2016,05,41034
1943,2016,05,624
1952,2016,05,4676
1989,2016,05,42175
1937,2016,05,57
1983,2016,05,39527
1947,2016,05,1931
1973,2016,05,21362
1979,2016,05,28523
1992,2016,05,24924
1978,2016,05,26751
1950,2016,05,2878
1941,2016,05,740
1923,2016,05,6
1997,2016,05,2632
1946,2016,05,1353
1968,2016,05,18797
2000,2016,05,240
1913,2016,05,2
1909,2016,05,15
1976,2016,05,24447
1961,2016,05,13837
1972,2016,05,21984
1975,2016,05,22450
1971,2016,05,21803
1966,2016,05,17154
1926,2016,05,12
1940,2016,05,432
1920,2016,05,9
1993,2016,05,15436
1962,2016,05,16180
1901,2016,05,32
1977,2016,05,25397
1925,2016,05,4
1921,2016,05,17
1969,2016,05,21663
1968,2016,06,23050
1888,2016,06,30
1926,2016,06,16
1983,2016,06,50546
1941,2016,06,954
1931,2016,06,1
1962,2016,06,18717
1965,2016,06,19837
1992,2016,06,32403
1912,2016,06,5
,2016,06,195206
1949,2016,06,3099
1944,2016,06,954
2000,2016,06,379
1961,2016,06,16914
1910,2016,06,38
1925,2016,06,3
1964,2016,06,20850
1907,2016,06,7
1984,2016,06,51212
1939,2016,06,177
1899,2016,06,38
1917,2016,06,58
1969,2016,06,25743
1999,2016,06,1727
1979,2016,06,35152
1901,2016,06,34
1974,2016,06,28036
1963,2016,06,19663
1989,2016,06,51143
1920,2016,06,9
1959,2016,06,14161
1997,2016,06,3473
1913,2016,06,12
1996,2016,06,5872
1995,2016,06,8249
1950,2016,06,3263
1993,2016,06,21368
1943,2016,06,640
1945,2016,06,1179
1988,2016,06,52753
1973,2016,06,25663
1946,2016,06,1435
1982,2016,06,45517
1966,2016,06,19990
1990,2016,06,49096
1981,2016,06,42708
1985,2016,06,54287
1938,2016,06,237
1948,2016,06,2754
1887,2016,06,10
1940,2016,06,482
1953,2016,06,7255
1975,2016,06,27512
1923,2016,06,17
1894,2016,06,1
1955,2016,06,8948
1991,2016,06,39740
1942,2016,06,978
1971,2016,06,26176
1957,2016,06,12037
1960,2016,06,16815
1935,2016,06,69
1972,2016,06,25980
1921,2016,06,31
1900,2016,06,258
1977,2016,06,31019
1951,2016,06,4895
1980,2016,06,38701
1987,2016,06,51266
1967,2016,06,21851
1933,2016,06,80
1978,2016,06,32105
1958,2016,06,12775
1934,2016,06,4
1918,2016,06,15
1936,2016,06,85
1994,2016,06,9913
1954,2016,06,9422
1947,2016,06,2521
1956,2016,06,10327
1970,2016,06,29697
1937,2016,06,39
1998,2016,06,3056
1885,2016,06,112
1952,2016,06,5722
1976,2016,06,29517
1932,2016,06,42
1986,2016,06,52187
1885,2016,07,115
1949,2016,07,2505
1957,2016,07,10223
1990,2016,07,47730
1932,2016,07,93
,2016,07,203595
1893,2016,07,6
1938,2016,07,282
1933,2016,07,49
1981,2016,07,40105
1999,2016,07,1615
1934,2016,07,12
1935,2016,07,78
1899,2016,07,40
1994,2016,07,11985
1971,2016,07,21833
1958,2016,07,11357
1967,2016,07,18369
1918,2016,07,14
1991,2016,07,38681
1980,2016,07,34556
1995,2016,07,9374
1945,2016,07,1036
1956,2016,07,9343
1972,2016,07,23109
1954,2016,07,8136
1975,2016,07,25198
1976,2016,07,26669
1993,2016,07,23055
1985,2016,07,52290
1894,2016,07,1
1931,2016,07,5
1982,2016,07,42464
1888,2016,07,31
1942,2016,07,756
1907,2016,07,4
1974,2016,07,25027
1948,2016,07,2234
1953,2016,07,7222
1910,2016,07,36
1955,2016,07,7985
1913,2016,07,15
1984,2016,07,49090
1965,2016,07,17328
1951,2016,07,4602
1963,2016,07,17358
1959,2016,07,13292
1900,2016,07,202
1940,2016,07,440
1988,2016,07,51786
1944,2016,07,857
1960,2016,07,14844
1996,2016,07,5729
1986,2016,07,51221
1939,2016,07,160
1987,2016,07,49723
1943,2016,07,531
1992,2016,07,32995
1989,2016,07,49771
1937,2016,07,48
1983,2016,07,46577
1947,2016,07,2494
1973,2016,07,22227
1979,2016,07,32425
1952,2016,07,5151
1978,2016,07,29697
1950,2016,07,2934
1941,2016,07,764
1923,2016,07,20
1997,2016,07,3795
1946,2016,07,1288
1968,2016,07,19834
2000,2016,07,480
1964,2016,07,17681
1936,2016,07,69
1961,2016,07,14699
1970,2016,07,25901
1917,2016,07,27
1998,2016,07,2779
1966,2016,07,16541
1926,2016,07,34
1912,2016,07,8
1920,2016,07,4
1962,2016,07,16215
1921,2016,07,24
1977,2016,07,28743
1925,2016,07,2
1901,2016,07,38
1969,2016,07,22449
1964,2016,08,19055
1910,2016,08,29
1953,2016,08,8179
1948,2016,08,2488
1974,2016,08,27990
1913,2016,08,12
1907,2016,08,5
1942,2016,08,991
1888,2016,08,36
1982,2016,08,48559
1931,2016,08,3
1894,2016,08,5
1985,2016,08,60420
1993,2016,08,28861
1992,2016,08,40361
1954,2016,08,8235
1956,2016,08,10189
1896,2016,08,8
1995,2016,08,8969
1920,2016,08,1
1980,2016,08,39866
1991,2016,08,45954
1918,2016,08,27
1967,2016,08,20423
1994,2016,08,14758
1970,2016,08,28232
1935,2016,08,89
1934,2016,08,30
1999,2016,08,1743
1940,2016,08,481
1981,2016,08,45632
1955,2016,08,8643
1938,2016,08,337
,2016,08,214624
1932,2016,08,46
1899,2016,08,68
1957,2016,08,11588
1949,2016,08,2812
1885,2016,08,90
1933,2016,08,20
1969,2016,08,25120
1921,2016,08,37
1977,2016,08,32493
1893,2016,08,2
1962,2016,08,18647
1976,2016,08,30129
1912,2016,08,2
1926,2016,08,27
1966,2016,08,19292
1971,2016,08,25002
1975,2016,08,27436
1972,2016,08,25440
1961,2016,08,15935
1917,2016,08,30
2000,2016,08,639
1968,2016,08,22166
1946,2016,08,1649
1997,2016,08,3507
1923,2016,08,22
1941,2016,08,818
1950,2016,08,3018
1978,2016,08,33883
1959,2016,08,14628
1979,2016,08,36141
1936,2016,08,87
1990,2016,08,54318
1973,2016,08,24724
1947,2016,08,2688
1983,2016,08,54066
1937,2016,08,71
1989,2016,08,58560
1952,2016,08,5688
1943,2016,08,600
1987,2016,08,57711
1939,2016,08,142
1986,2016,08,59711
1996,2016,08,7012
1960,2016,08,16676
1944,2016,08,896
1988,2016,08,60864
1900,2016,08,182
1963,2016,08,19095
1945,2016,08,1294
1958,2016,08,12720
1951,2016,08,5007
1965,2016,08,19490
1901,2016,08,60
1998,2016,08,3031
1984,2016,08,57048
1888,2016,09,28
1937,2016,09,79
1983,2016,09,53531
1998,2016,09,3634
1926,2016,09,39
1940,2016,09,597
1910,2016,09,31
1962,2016,09,21260
1984,2016,09,56611
1941,2016,09,767
1965,2016,09,21789
1949,2016,09,2997
1899,2016,09,36
1971,2016,09,28957
2000,2016,09,1142
,2016,09,215515
1944,2016,09,1130
1961,2016,09,17371
1917,2016,09,26
1939,2016,09,139
1999,2016,09,2862
1974,2016,09,31106
1989,2016,09,60010
1933,2016,09,17
1976,2016,09,32161
1963,2016,09,20916
1964,2016,09,21578
1995,2016,09,12882
1969,2016,09,28981
1979,2016,09,38670
1936,2016,09,79
1945,2016,09,1252
1912,2016,09,26
1950,2016,09,3509
1978,2016,09,34942
1988,2016,09,60012
1938,2016,09,347
1975,2016,09,29700
1996,2016,09,11998
1981,2016,09,46650
1993,2016,09,31094
1985,2016,09,61683
1943,2016,09,586
1982,2016,09,49278
1973,2016,09,27830
1991,2016,09,47827
1966,2016,09,22262
1948,2016,09,2684
1953,2016,09,8234
1997,2016,09,6282
1921,2016,09,25
1923,2016,09,20
1957,2016,09,12062
1951,2016,09,5055
1900,2016,09,173
1894,2016,09,1
1931,2016,09,1
1955,2016,09,9173
1960,2016,09,17906
1942,2016,09,1191
1972,2016,09,27999
1970,2016,09,32440
1987,2016,09,59018
1934,2016,09,63
1935,2016,09,51
1994,2016,09,19071
1901,2016,09,47
1967,2016,09,23417
1893,2016,09,1
1947,2016,09,2443
1977,2016,09,34048
1980,2016,09,41700
1958,2016,09,13476
1885,2016,09,118
1956,2016,09,10971
1932,2016,09,51
1918,2016,09,16
1954,2016,09,8793
1992,2016,09,42024
1886,2016,09,19
1946,2016,09,1734
1968,2016,09,24967
1986,2016,09,60603
1959,2016,09,15839
1952,2016,09,6168
1990,2016,09,57024
1913,2016,09,11
1960,2016,10,18137
1942,2016,10,1272
1987,2016,10,55944
1996,2016,10,11739
1951,2016,10,5227
1993,2016,10,30585
1954,2016,10,8395
1917,2016,10,32
1886,2016,10,16
1900,2016,10,188
1959,2016,10,15835
1958,2016,10,13422
1956,2016,10,10822
1948,2016,10,2651
1964,2016,10,22118
1995,2016,10,13127
1994,2016,10,19130
1893,2016,10,1
1976,2016,10,31783
1918,2016,10,13
1895,2016,10,12
1982,2016,10,46039
1896,2016,10,2
1930,2016,10,15
1938,2016,10,283
1952,2016,10,5725
1888,2016,10,24
1981,2016,10,45108
1932,2016,10,73
1985,2016,10,59151
1933,2016,10,56
1949,2016,10,2984
1921,2016,10,30
,2016,10,167448
1957,2016,10,12066
1990,2016,10,55310
1962,2016,10,20762
1991,2016,10,47347
1967,2016,10,23542
1901,2016,10,40
1977,2016,10,33083
1980,2016,10,40600
1940,2016,10,565
1972,2016,10,28342
1912,2016,10,29
1934,2016,10,88
1963,2016,10,20935
1935,2016,10,21
1975,2016,10,28726
1961,2016,10,17996
1971,2016,10,29524
1946,2016,10,1807
1899,2016,10,31
1950,2016,10,3488
1885,2016,10,94
1997,2016,10,7469
1978,2016,10,33857
1945,2016,10,1195
1969,2016,10,28998
1947,2016,10,2488
1979,2016,10,36836
1926,2016,10,29
1936,2016,10,92
1920,2016,10,14
1973,2016,10,27678
1992,2016,10,42074
1966,2016,10,21819
1983,2016,10,51418
1937,2016,10,77
1998,2016,10,4250
1970,2016,10,32637
1943,2016,10,635
2000,2016,10,1278
1968,2016,10,25206
1986,2016,10,58031
1923,2016,10,24
1944,2016,10,986
1988,2016,10,57034
1984,2016,10,54528
1941,2016,10,696
1965,2016,10,22058
1955,2016,10,8935
1910,2016,10,39
1999,2016,10,3074
1953,2016,10,8605
1939,2016,10,129
1974,2016,10,30304
1931,2016,10,5
1989,2016,10,59591
1944,2016,11,760
1886,2016,11,14
1953,2016,11,7149
1984,2016,11,41680
1982,2016,11,35600
1945,2016,11,925
1931,2016,11,10
1942,2016,11,1024
1948,2016,11,2118
1985,2016,11,45351
1970,2016,11,25895
1974,2016,11,24733
1901,2016,11,32
1917,2016,11,8
1991,2016,11,35534
1888,2016,11,15
1912,2016,11,41
1995,2016,11,10117
1994,2016,11,14463
1993,2016,11,22926
1954,2016,11,7296
1959,2016,11,13024
1918,2016,11,11
1964,2016,11,18267
1990,2016,11,41716
1935,2016,11,35
1938,2016,11,284
1956,2016,11,9145
1967,2016,11,18691
1981,2016,11,34506
1932,2016,11,69
1899,2016,11,22
1980,2016,11,30868
1998,2016,11,3200
1934,2016,11,83
1933,2016,11,49
1962,2016,11,17387
1969,2016,11,23609
1999,2016,11,2503
1955,2016,11,7667
1949,2016,11,2569
1976,2016,11,25650
1885,2016,11,83
1972,2016,11,22354
1940,2016,11,524
1921,2016,11,15
,2016,11,96366
1957,2016,11,10171
1971,2016,11,23317
1961,2016,11,15106
1968,2016,11,20115
1926,2016,11,13
1977,2016,11,26605
1992,2016,11,30866
1966,2016,11,18407
1893,2016,11,7
1941,2016,11,560
1978,2016,11,26791
1975,2016,11,22876
2000,2016,11,1162
1947,2016,11,1984
1979,2016,11,28043
1946,2016,11,1448
1939,2016,11,173
1923,2016,11,12
1950,2016,11,2961
1952,2016,11,4854
1997,2016,11,5666
1895,2016,11,57
1937,2016,11,29
1960,2016,11,15361
1958,2016,11,11257
1943,2016,11,497
1986,2016,11,43380
1951,2016,11,4173
1988,2016,11,43640
1973,2016,11,22569
1900,2016,11,120
1983,2016,11,38992
1963,2016,11,17413
1989,2016,11,44418
1965,2016,11,18388
1987,2016,11,41847
1910,2016,11,18
1936,2016,11,67
1996,2016,11,9191
1965,2016,12,14144
1984,2016,12,28529
1953,2016,12,5680
1966,2016,12,13763
1964,2016,12,13905
1942,2016,12,736
1910,2016,12,28
1926,2016,12,18
1974,2016,12,17654
1931,2016,12,15
1971,2016,12,17273
1950,2016,12,2242
1997,2016,12,3489
1921,2016,12,8
1923,2016,12,7
1940,2016,12,344
2000,2016,12,837
1968,2016,12,14960
1946,2016,12,1359
1979,2016,12,19896
1959,2016,12,10571
1941,2016,12,535
1978,2016,12,18860
1973,2016,12,15786
1980,2016,12,21045
1943,2016,12,445
1947,2016,12,1607
1999,2016,12,1859
1967,2016,12,13498
1983,2016,12,27173
1937,2016,12,24
1992,2016,12,19449
1935,2016,12,21
1988,2016,12,28776
1952,2016,12,3675
1934,2016,12,67
,2016,12,39704
1986,2016,12,28844
1899,2016,12,33
1949,2016,12,2116
1933,2016,12,20
1969,2016,12,17717
1939,2016,12,118
1917,2016,12,12
1957,2016,12,7993
1962,2016,12,13501
1885,2016,12,42
1976,2016,12,18156
1901,2016,12,40
1912,2016,12,19
1970,2016,12,19157
1977,2016,12,18059
1975,2016,12,16318
1981,2016,12,23988
1961,2016,12,11359
1888,2016,12,11
1948,2016,12,1654
1990,2016,12,27252
1972,2016,12,16545
1982,2016,12,24093
1955,2016,12,5940
1985,2016,12,30366
1954,2016,12,5927
1993,2016,12,15141
1958,2016,12,8632
1956,2016,12,6947
1918,2016,12,11
1998,2016,12,2178
1994,2016,12,8774
1995,2016,12,6573
1991,2016,12,23110
1930,2016,12,1
1987,2016,12,28101
1989,2016,12,29429
1960,2016,12,12023
1886,2016,12,3
1900,2016,12,81
1895,2016,12,5
1932,2016,12,25
1893,2016,12,13
1996,2016,12,5575
1951,2016,12,3256
1944,2016,12,617
1938,2016,12,233
1963,2016,12,13513
1945,2016,12,646
1936,2016,12,43
